{"accuracy": [0.7390144467353821, 0.9197386503219604, 0.9536618590354919, 0.9676014184951782, 0.9769126176834106, 0.9798529744148254], "loss": [0.7657349109649658, 0.25036928057670593, 0.142099991440773, 0.09676503390073776, 0.06963159143924713, 0.05965590476989746], "val_accuracy": [0.8941407203674316, 0.9335656762123108, 0.9531692266464233, 0.9729906320571899, 0.9762579202651978, 0.971901535987854], "val_loss": [0.33203423023223877, 0.19820374250411987, 0.1404816210269928, 0.08918263018131256, 0.07301051169633865, 0.09389293938875198]}